Amino Acid,Codon,Count,RSCU
*,UAA,8,1.60
*,UAG,1,0.20
*,UGA,6,1.20
A,GCA,3,2.00
A,GCC,0,0.00
A,GCG,1,0.67
A,GCU,2,1.33
C,UGC,0,0.00
C,UGU,10,2.00
D,GAC,3,1.00
D,GAU,3,1.00
E,GAA,2,1.00
E,GAG,2,1.00
F,UUC,4,0.62
F,UUU,9,1.38
G,GGA,4,1.23
G,GGC,1,0.31
G,GGG,2,0.62
G,GGU,6,1.85
H,CAC,6,0.92
H,CAU,7,1.08
I,AUA,7,3.00
I,AUC,0,0.00
I,AUU,0,0.00
K,AAA,7,1.56
K,AAG,2,0.44
L,CUA,14,2.47
L,CUC,2,0.35
L,CUG,6,1.06
L,CUU,5,0.88
L,UUA,5,0.88
L,UUG,2,0.35
M,AUG,3,1.00
N,AAC,4,0.80
N,AAU,6,1.20
P,CCA,6,0.83
P,CCC,3,0.41
P,CCG,6,0.83
P,CCU,14,1.93
Q,CAA,9,1.80
Q,CAG,1,0.20
R,AGA,5,0.94
R,AGG,4,0.75
R,CGA,9,1.69
R,CGC,0,0.00
R,CGG,3,0.56
R,CGU,11,2.06
S,AGC,0,0.00
S,AGU,4,0.96
S,UCA,11,2.64
S,UCC,1,0.24
S,UCG,2,0.48
S,UCU,7,1.68
T,ACA,8,2.29
T,ACC,4,1.14
T,ACG,1,0.29
T,ACU,1,0.29
V,GUA,11,2.00
V,GUC,4,0.73
V,GUG,1,0.18
V,GUU,6,1.09
W,UGG,2,1.00
Y,UAC,7,1.40
Y,UAU,3,0.60
